Problem,Print,Input,List,Tuple,Date,If,Function,For,String,While,Set,Math,Os,Struct,Platform,site,call,multiprocessing,cProfile,socket,fcntl,termios,time,glob,sys,textwrap,traceback,httpConnection,subprocess,reduce,inspect
Write a Python program to print the following string in a specific format.,print,,,,,,,,,,,,,,,,,,,,,,,,,,,,,,
Write a Python program to get the Python version you are using.,print,,,,,,,,,,,,,,,,,,,,,,,,,,,,,,
Write a Python program to display the current date and time.,print,,,,,,,,,,,,,,,,,,,,,,,,,,,,,,
Write a Python program which accepts the radius of a circle from the user and compute the area.,print,input,,,,,,,,,,,,,,,,,,,,,,,,,,,,,
Write a Python program which accepts the user's first and last name and print them in reverse order with a space between them.,print,input,,,,,,,,,,,,,,,,,,,,,,,,,,,,,
Write a Python program which accepts a sequence of comma-separated numbers from user and generate a list and a tuple with those numbers.,print,,list,tuple,,,,,,,,,,,,,,,,,,,,,,,,,,,
Write a Python program to accept a filename from the user and print the extension of that.,print,,list,,,,,,,,,,,,,,,,,,,,,,,,,,,,
Write a Python program to display the first and last colors from the following list.,print,,list,,,,,,,,,,,,,,,,,,,,,,,,,,,,
Write a Python program to display the examination schedule.,print,,,,,,,,,,,,,,,,,,,,,,,,,,,,,,
Write a Python program that accepts an integer (n) and computes the value of n+nn+nnn.,print,input,,,,,,,,,,,,,,,,,,,,,,,,,,,,,
"Write a Python program to print the documents (syntax, description etc.) of Python built-in function(s).",print,,,,,,,,,,,,,,,,,,,,,,,,,,,,,,
Write a Python program to print the calendar of a given month and year.,print,input,,,,,,,,,,,,,,,,,,,,,,,,,,,,,
Write a Python program to print the following 'here document'.,print,,,,,,,,,,,,,,,,,,,,,,,,,,,,,,
Write a Python program to calculate number of days between two dates.,print,,,,date,,,,,,,,,,,,,,,,,,,,,,,,,,
Write a Python program to get the volume of a sphere with radius 6.,print,,,,,,,,,,,,,,,,,,,,,,,,,,,,,,
"Write a Python program to get the difference between a given number and 17, if the number is greater than 17 return double the absolute difference.",print,,,,,if,,,,,,,,,,,,,,,,,,,,,,,,,
Write a Python program to test whether a number is within 100 of 1000 or 2000.,print,,,,,if,function,,,,,,,,,,,,,,,,,,,,,,,,
"Write a Python program to calculate the sum of three given numbers, if the values are equal then return three times of their sum.",print,,,,,if,function,,,,,,,,,,,,,,,,,,,,,,,,
"Write a Python program to get a new string from a given string where ""Is"" has been added to the front. If the given string already begins with ""Is"" then return the string unchanged.",print,,,,,if,function,,,,,,,,,,,,,,,,,,,,,,,,
Write a Python program to get a string which is n (non-negative integer) copies of a given string.,print,,,,,,function,for,,,,,,,,,,,,,,,,,,,,,,,
"Write a Python program to find whether a given number (accept from the user) is even or odd, print out an appropriate message to the user.",print,input,,,,if,,,,,,,,,,,,,,,,,,,,,,,,,
Write a Python program to count the number 4 in a given list.,print,,,,,if,function,for,,,,,,,,,,,,,,,,,,,,,,,
Write a Python program to get the n (non-negative integer) copies of the first 2 characters of a given string. Return the n copies of the whole string if the length is less than 2.,print,,,,,if,function,for,string,,,,,,,,,,,,,,,,,,,,,,
Write a Python program to test whether a passed letter is a vowel or not.,print,,,,,,function,,string,,,,,,,,,,,,,,,,,,,,,,
Write a Python program to check whether a specified value is contained in a group of values.,print,,list,,,if,function,for,,,,,,,,,,,,,,,,,,,,,,,
Write a Python program to create a histogram from a given list of integers.,print,,list,,,,function,for,,while,,,,,,,,,,,,,,,,,,,,,
Write a Python program to concatenate all elements in a list into a string and return it.,print,,list,,,,function,for,string,,,,,,,,,,,,,,,,,,,,,,
Write a Python program to print all even numbers from a given numbers list in the same order and stop the printing if any numbers that come after 237 in the sequence.,print,,list,,,if,,for,,,,,,,,,,,,,,,,,,,,,,,
Write a Python program to print out a set containing all the colors from color_list_1 which are not present in color_list_2.,print,,list,,,,,,,,set,,,,,,,,,,,,,,,,,,,,
Write a Python program that will accept the base and height of a triangle and compute the area.,print,,,,,,,,,,,,,,,,,,,,,,,,,,,,,,
Write a Python program to compute the greatest common divisor (GCD) of two positive integers.,print,,,,,if,function,for,,,,,,,,,,,,,,,,,,,,,,,
Write a Python program to get the least common multiple (LCM) of two positive integers.,print,,,,,if,function,,,while,,,,,,,,,,,,,,,,,,,,,
"Write a Python program to sum of three given integers. However, if two values are equal sum will be zero.",print,,,,,if,function,,,,,,,,,,,,,,,,,,,,,,,,
"Write a Python program to sum of two given integers. However, if the sum is between 15 to 20 it will return 20.",print,,,,,if,function,,,,,,,,,,,,,,,,,,,,,,,,
Write a Python program that will return true if the two given integer values are equal or their sum or difference is 5.,print,,,,,if,function,,,,,,,,,,,,,,,,,,,,,,,,
Write a Python program to add two objects if both objects are an integer type.,print,,,,,if,function,,,,,,,,,,,,,,,,,,,,,,,,
"Write a Python program to display your details like name, age, address in three different lines.",print,,,,,,function,,,,,,,,,,,,,,,,,,,,,,,,
Write a Python program to solve (x + y) * (x + y).,print,,,,,,,,,,,,,,,,,,,,,,,,,,,,,,
"Write a Python program to compute the future value of a specified principal amount, rate of interest, and a number of years.",print,,,,,,,,,,,,,,,,,,,,,,,,,,,,,,
"Write a Python program to compute the distance between the points (x1, y1) and (x2, y2).",print,,,,,,,,,,,math,,,,,,,,,,,,,,,,,,,
Write a Python program to check whether a file exists. ,print,,,,,,,,,,,,os,,,,,,,,,,,,,,,,,,
Write a Python program to determine if a Python shell is executing in 32bit or 64bit mode on OS. ,print,,,,,,,,,,,,,Struct,,,,,,,,,,,,,,,,,
"Write a Python program to get OS name, platform and release information. ",print,,,,,,,,,,,,os,,platform,,,,,,,,,,,,,,,,
Write a Python program to locate Python site-packages. ,print,,,,,,,,,,,,,,,site,,,,,,,,,,,,,,,
Write a Python program to call an external command. ,print,,,,,,,,,,,,,,,,call,,,,,,,,,,,,,,
Write a python program to get the path and name of the file that is currently executing. ,print,,,,,,,,,,,,os,,,,,,,,,,,,,,,,,,
Write a Python program to find out the number of CPUs using. ,print,,,,,,,,,,,,,,,,,multiprocessing,,,,,,,,,,,,,
Write a Python program to parse a string to Float or Integer. ,print,,,,,,,,string,,,,,,,,,,,,,,,,,,,,,,
Write a Python program to list all files in a directory in Python. ,print,,list,,,if,,for,,,,,os,,,,,,,,,,,,,,,,,,
Write a Python program to print without newline or space. ,print,,,,,,,for,,,,,,,,,,,,,,,,,,,,,,,
Write a Python program to determine profiling of Python programs. ,print,,,,,,function,,,,,,,,,,,,cProfile,,,,,,,,,,,,
Write a Python program to print to stderr. ,print,,,,,,function,,,,,,,,,,,,,,,,,,,,,,,,
Write a python program to access environment variables. ,print,,,,,,,,,,,,os,,,,,,,,,,,,,,,,,,
Write a Python program to get the current username. ,print,,,,,,,,,,,,,,,,,,,,,,,,,,,,,,
Write a Python to find local IP addresses using Python's stdlib. ,print,,,,,if,,,,,,,,,,,,,,socket,,,,,,,,,,,
Write a Python program to get height and width of the console window. ,print,,,,,,function,,,,,,,struct,,,,,,,fcntl,termios,,,,,,,,,
Write a Python program to get execution time for a Python method. ,print,,,,,,function,for,,,,,,,,,,,,,,,,,,,,,,,
Write a Python program to sum of the first n positive integers. ,print,input,,,,,,,,,,,,,,,,,,,,,,,,,,,,,
Write a Python program to convert height (in feet and inches) to centimeters. ,print,input,,,,,,,,,,,,,,,,,,,,,,,,,,,,,
Write a Python program to calculate the hypotenuse of a right angled triangle. ,print,input,,,,,,,,,,math,,,,,,,,,,,,,,,,,,,
"Write a Python program to convert the distance (in feet) to inches, yards, and miles. ",print,input,,,,,,,,,,,,,,,,,,,,,,,,,,,,,
Write a Python program to convert all units of time into seconds. ,print,input,,,,,,,,,,,,,,,,,,,,,,,,,,,,,
Write a Python program to get an absolute file path. ,print,,,,,,function,,,,,,os,,,,,,,,,,,,,,,,,,
Write a Python program to get file creation and modification date/times. ,print,,,,,,,,,,,,os,,,,,,,,,,time,,,,,,,,
"Write a Python program to convert seconds to day, hour, minutes and seconds. ",print,input,,,,,,,,,,,,,,,,,,,,,,,,,,,,,
Write a Python program to calculate body mass index. ,print,input,,,,,,,,,,,,,,,,,,,,,,,,,,,,,
"Write a Python program to convert pressure in kilopascals to pounds per square inch, a millimeter of mercury (mmHg) and atmosphere pressure. ",print,input,,,,,,,,,,,,,,,,,,,,,,,,,,,,,
Write a Python program to calculate sum of digits of a number. ,print,input,,,,,,,,,,,,,,,,,,,,,,,,,,,,,
Write a Python program to sort three integers without using conditional statements and loops. ,print,input,,,,,,,,,,,,,,,,,,,,,,,,,,,,,
Write a Python program to sort files by date. ,print,,,,,,,,,,,,os,,,,,,,,,,,glob,,,,,,,
"Write a Python program to get a directory listing, sorted by creation date. ",print,,,,,if,,for,,,,,os,,,,,,,,,,time,,sys,,,,,,
Write a Python program to get the details of math module. ,print,,,,,,,,,,,math,,,,,,,,,,,,,,,,,,,
Write a Python program to calculate midpoints of a line. ,print,input,,,,,,,,,,,,,,,,,,,,,,,,,,,,,
Write a Python program to hash a word. ,print,input,,,,,,for,,,,,,,,,,,,,,,,,,,,,,,
Write a Python program to get the copyright information and write Copyright information in Python code. ,print,,,,,,,,,,,,,,,,,,,,,,,,sys,,,,,,
"Write a Python program to get the command-line arguments (name of the script, the number of arguments, arguments) passed to a script. ",print,,,,,,,,,,,,,,,,,,,,,,,,sys,,,,,,
Write a Python program to test whether the system is a big-endian platform or little-endian platform. ,print,,,,,if,,,,,,,,,,,,,,,,,,,sys,,,,,,
Write a Python program to find the available built-in modules. ,print,,,,,,,,,,,,,,,,,,,,,,,,sys,textwrap,,,,,
Write a Python program to get the size of an object in bytes. ,print,,,,,,,,,,,,,,,,,,,,,,,,sys,,,,,,
Write a Python program to get the current value of the recursion limit. ,print,,,,,,,,,,,,,,,,,,,,,,,,sys,,,,,,
Write a Python program to concatenate N strings. ,print,,,,,,,,,,,,,,,,,,,,,,,,,,,,,,
"Write a Python program to calculate the sum of all items of a container (tuple, list, set, dictionary). ",print,,,,,,,,,,,,,,,,,,,,,,,,,,,,,,
Write a Python program to test whether all numbers of a list is greater than a certain number. ,print,,,,,,,,,,,,,,,,,,,,,,,,,,,,,,
Write a Python program to count the number occurrence of a specific character in a string. ,print,,,,,,,,,,,,,,,,,,,,,,,,,,,,,,
Write a Python program to check whether a file path is a file or a directory. ,print,,,,,,,,,,,,,,,,,,,,,,,,,,,,,,
Write a Python program to get the ASCII value of a character. ,print,,,,,,,,,,,,,,,,,,,,,,,,,,,,,,
Write a Python program to get the size of a file. ,print,,,,,,,,,,,,os,,,,,,,,,,,,,,,,,,
"Given variables x=30 and y=20, write a Python program to print ""30+20=50"". ",print,,,,,,,,,,,,,,,,,,,,,,,,,,,,,,
Write a Python program to perform an action if a condition is true. ,print,,,,,if,,,,,,,,,,,,,,,,,,,,,,,,,
Write a Python program to create a copy of its own source code. ,print,,,,,,function,for,,,,,,,,,,,,,,,,,,,,,,,
Write a Python program to swap two variables. ,print,,,,,,,,,,,,,,,,,,,,,,,,,,,,,,
Write a Python program to define a string containing special characters in various forms. ,print,,,,,,,,string,,,,,,,,,,,,,,,,,,,,,,
"Write a Python program to get the Identity, Type, and Value of an object. ",print,,,,,,,,,,,,,,,,,,,,,,,,,,,,,,
Write a Python program to convert a byte string to a list of integers. ,print,,list,,,,,,string,,,,,,,,,,,,,,,,,,,,,,
Write a Python program to check whether a string is numeric. ,print,input,,,,if,,,,,,,,,,,,,,,,,,,,,,,,,
Write a Python program to print the current call stack. ,print,,,,,,function,,,,,,,,,,,,,,,,,,,,traceback,,,,
Write a Python program to list the special variables used within the language. ,print,,,,,,,for,,,,,,,,,,,,,,,,,,,,,,,
Write a Python program to get the system time. ,print,,,,,,,,,,,,,,,,,,,,,,time,,,,,,,,
Write a Python program to clear the screen or terminal. ,print,,,,,,,,,,,,os,,,,,,,,,,time,,,,,,,,
Write a Python program to get the name of the host on which the routine is running. ,print,,,,,,,,,,,,,,platform,,,,,socket,,,,,,,,,,,
Write a Python program to access and print a URL's content to the console. ,print,,,,,,,,,,,,,,,,,,,,,,,,,,,httpConnection,,,
Write a Python program to get system command output. ,print,,,,,,,,,,,,,,,,,,,,,,,,,,,,subprocess,,
Write a Python program to extract the filename from a given path. ,print,,,,,,,,,,,,os,,,,,,,,,,,,,,,,,,
"Write a Python program to get the effective group id, effective user id, real group id, a list of supplemental group ids associated with the current process. ",print,,,,,,,,,,,,os,,,,,,,,,,,,,,,,,,
Write a Python program to get the users environment. ,print,,,,,,,,,,,,os,,,,,,,,,,,,,,,,,,
Write a Python program to divide a path on the extension separator. ,print,,,,,,,,,,,,os,,,,,,,,,,,,,,,,,,
Write a Python program to retrieve file properties. ,print,,,,,,,,,,,,os,,,,,,,,,,time,,,,,,,,
Write a Python program to find path refers to a file or directory when you encounter a path name. ,print,,,,,,,,,,,,os,,,,,,,,,,,,,,,,,,
"Write a Python program to check if a number is positive, negative or zero. ",print,input,,,if,,,,,,,,,,,,,,,,,,,,,,,,,,
Write a Python program to get numbers divisible by fifteen from a list using an anonymous function. ,print,,list,,,,,,,,,,,,,,,,,,,,,,,,,,,,
Write a Python program to make file lists from current directory using a wildcard. ,print,,,,,,,,,,,,,,,,,,,,,,,glob,,,,,,,
Write a Python program to remove the first item from a specified list. ,print,,,,,,,,,,,,,,,,,,,,,,,,,,,,,,
"Write a Python program to input a number, if it is not a number generates an error message. ",print,,,,,if,,,,while,,,,,,,,,,,,,,,,,,,,,
Write a Python program to filter the positive numbers from a list. ,print,,list,,,,,,,,,,,,,,,,,,,,,,,,,,,,
Write a Python program to compute the product of a list of integers (without using for loop). ,print,,,,,,,,,,,,,,,,,,,,,,,,,,,,,reduce,
Write a Python program to print Unicode characters. ,print,,,,,,,,,,,,,,,,,,,,,,,,,,,,,,
Write a Python program to prove that two string variables of same value point same memory location. ,print,,,,,,,,string,,,,,,,,,,,,,,,,,,,,,,
Write a Python program to create a bytearray from a list. ,print,,,,,,,for,,,,,,,,,,,,,,,,,,,,,,,
Write a Python program to round a floating-point number to specified number decimal places. ,print,,,,,,,,,,,,,,,,,,,,,,,,,,,,,,
Write a Python program to format a specified string limiting the length of a string. ,print,,,,,,,,string,,,,,,,,,,,,,,,,,,,,,,
Write a Python program to determine whether variable is defined or not. ,print,,,,,if,,,,,,,,,,,,,,,,,,,,,,,,,
Write a Python program to empty a variable without destroying it. ,print,,,,,,,,,,,,,,,,,,,,,,,,,,,,,,
"Write a Python program to determine the largest and smallest integers, longs, floats. ",print,,,,,,,,,,,,,,,,,,,,,,,,sys,,,,,,
Write a Python program to check whether multiple variables have the same value. ,print,,,,,if,,,,,,,,,,,,,,,,,,,,,,,,,
Write a Python program to sum of all counts in a collections.,print,,,,,,,,,,,,,,,,,,,,,,,,,,,,,,
Write a Python program to get the actual module object for a given object. ,print,,,,,,,,,,,math,,,,,,,,,,,,,,,,,,,inspect
Write a Python program to check whether an integer fits in 64 bits. ,print,,,,,if,,,,,,,,,,,,,,,,,,,,,,,,,
Write a Python program to check whether lowercase letters exist in a string,print,,,,,if,,for,string,,,,,,,,,,,,,,,,,,,,,,
Write a Python program to add leading zeroes to a string.,print,,,,,,,,string,,,,,,,,,,,,,,,,,,,,,,
Write a Python program to use double quotes to display strings,print,,,,,,,,string,,,,,,,,,,,,,,,,,,,,,,
Write a Python program to split a variable length string into variables.,print,,list,,,,,,,,,,,,,,,,,,,,,,,,,,,,
Write a Python program to list home directory without absolute path.,print,,,,,,,,,,,,,,,,,,,,,,,,,,,,,,
Write a Python program to calculate the time runs (difference between start and current time) of a program.,print,,,,,,function,for,,,,,,,,,,,,,,,,,,,,,,,
Write a Python program to input two integers in a single line.,print,input,,,,,,for,,,,,,,,,,,,,,,,,,,,,,,
Write a Python program to print a variable without spaces between values.,print,,,,,,,,,,,,,,,,,,,,,,,,,,,,,,
Write a Python program to find files and skip directories of a given directory.,print,,,,,if,,for,,,,,,,,,,,,,,,,,,,,,,,
Write a Python program to extract single key-value pair of a dictionary in variables,print,,list,,,,,,,,,,,,,,,,,,,,,,,,,,,,
Write a Python program to convert true to 1 and false to 0.,print,,,,,,,,,,,,,,,,,,,,,,,,,,,,,,
Write a Python program to valid a IP address,print,,,,,if,function,,,,,,,,,,,,,,,,,,,,,,,,
Write a Python program to convert an integer to binary keep leading zeros.,print,,,,,,,,,,,math,,,,,,,,,,,,,,,,,,,
Write a python program to convert decimal to hexadecimal,print,,,,,,,,,,,math,,,,,,,,,,,,,,,,,,,
Write a Python program to check if every consecutive sequence of zeroes is followed by a consecutive sequence of ones of same length in a given string. Return True/False,print,,,,,,function,for,string,while,,,,,,,,,,,,,,,,,,,,,
Write a Python program to determine if the python shell is executing in 32bit or 64bit mode on operating system,print,,,,,,,,,,,,,,,,,,,,,,,,,,,,,,
Write a Python program to check whether variable is integer or string.,print,,,,,,,,,,,,,,,,,,,,,,,,,,,,,,
Write a Python program to test if a variable is a list or tuple or a set.,print,,list,tuple,,if,function,,,,set,,,,,,,,,,,,,,,,,,,,
Write a Python program to find the location of Python module sources.?,print,,,,,,,,,,,,,,,,,,,,,,,,,,,,,,
Write a Python function to check whether a number is divisible by another number. Accept two integers values form the user.,print,,,,,if,,,,,,math,,,,,,,,,,,,,,,,,,,
Write a Python function to find the maximum and minimum numbers from a sequence of numbers,print,,,,,if,function,for,,,,,,,,,,,,,,,,,,,,,,,
Write a Python function that takes a positive integer and returns the sum of the cube of all the positive integers smaller than the specified number,print,,,,,if,function,,,while,,math,,,,,,,,,,,,,,,,,,,
Write a Python function to check whether a distinct pair of numbers whose product is odd present in a sequence of integer values.?,print,,,,,if,function,for,,while,,math,,,,,,,,,,,,,,,,,,,
Write a Python function that takes a sequence of numbers and determines whether all the numbers are different from each other.,print,,,,,if,function,,,,,,,,,,,,,,,,,,,,,,,,
"Write a Python program to create all possible strings by using 'a', 'e', 'i', 'o', 'u'. Use the characters exactly once",print,,list,,,,,,,,,,,,,,,,,,,,,,,,,,,,
Write a Python program to remove and print every third number from a list of numbers until the list becomes empty.,print,,list,tuple,,,,,,while,,math,,,,,,,,,,,,,,,,,,,
Write a Python program to find unique triplets whose three elements gives the sum of zero from an array of n integers.,print,,list,tuple,,if,function,for,string,while,,math,,,,,,,,,,,,,,,,,,,
Write a Python program to create the combinations of 3 digit combo.?,print,,list,tuple,,,,,,,,,,,,,,,,,,,,,,,,,,,
"Write a Python program to print a long text, convert the string to a list and print all the words and their frequencies",print,,list,,,,,for,string,,,,,,,,,,,,,,,,,,,,,,
Write a Python program to count the number of each character of a given text of a text file,print,,,,,,,for,,,,,,,,,,,,,,,,,,,,,,,
Write a Python program to get the top stories from Google news.,print,,,,,,,for,,,,,,,,,,,,,,,,,,,,,,,
Write a Python program to get a list of locally installed Python modules.,print,,,,,,,for,,,,,,,,,,,,,,,,,,,,,,,
Write a Python program to display some information about the OS where the script is running.?,print,,list,,,if,,for,,,,,,,,,,,,,,,,,,,,,,,
Write a Python program to check the sum of three elements (each from an array) from three arrays is equal to a target value. Print all those three-element combinations.,print,,list,tuple,,if,function,for,,,,,,,,,,,,,,,,,,,,,,,
Write a Python program to create all possible permutations from a given collection of distinct numbers.,print,,list,,,,function,for,,,,,,,,,,,,,,,,,,,,,,,
Write a Python program to get all possible two digit letter combinations from a digit (1 to 9) string.,print,,list,,,if,function,for,string,,,,,,,,,,,,,,,,,,,,,,
Write a Python program to add two positive integers without using the '+' operator,print,,,,,,function,,,while,,math,,,,,,,,,,,,,,,,,,,
"Write a Python program to check the priority of the four operators (+, -, *, /).?",print,,,,,,function,,string,,,math,,,,,,,,,,,,,,,,,,,
Write a Python program to get the third side of right angled triangle from two given sides.,print,,,,,if,function,,string,,,math,,,,,,,,,,,,,,,,,,,
Write a Python program to get all strobogrammatic numbers that are of length n,print,,list,,,if,function,for,string,,,math,,,,,,,,,,,,,,,,,,,
Write a Python program to find the median among three given numbers,print,input,,,,if,,,,,,math,,,,,,,,,,,,,,,,,,,
Write a Python program to find the value of n where n degrees of number 2 are written sequentially in a line without spaces.,print,,,,,if,function,,,while,,math,,,,,,,,,,,,,,,,,,,
Write a Python program to find the number of zeros at the end of a factorial of a given positive number.,print,,,,,,function,,,while,,math,,,,,,,,,,,,,,,,,,,
"Write a Python program to find the number of notes (Sample of notes: 10, 20, 50, 100, 200 and 500 ) against a given amount.",print,,list,,,if,function,for,,,,math,,,,,,,,,,,,,,,,,,,
"Write a Python program to create a sequence where the first four members of the sequence are equal to one, and each successive term of the sequence is equal to the sum of the four previous ones. Find the Nth member of the sequence.?",print,,,,,if,function,,,,,math,,,,,,,,,,,,,,,,,,,
Write a Python program that accept a positive number and subtract from this number the sum of its digits and so on. Continues this operation until the number is positive,print,,list,,,,function,for,string,while,,,,,,,,,,,,,,,,,,,,,
Write a Python program to find the number of divisors of a given integer is even or odd.,print,,list,,,if,function,,,,,math,,,,,,,,,,,,,,,,,,,
Write a Python program to find the digits which are absent in a given mobile number,print,,list,,,,function,for,,,set,,,,,,,,,,,,,,,,,,,,
Write a Python program to compute the summation of the absolute difference of all distinct pairs in a given array (non-decreasing order).?,print,,list,,,,function,,,while,,math,,,,,,,,,,,,,,,,,,,
Write a Python program to find the type of the progression (arithmetic progression/geometric progression) and the next successive member of a given three successive members of a sequence.?,print,,list,,,if,function,,string,,,math,,,,,,,,,,,,,,,,,,,
"Write a Python program to print the length of the series and the series from the given 3rd term, 3rd last term and the sum of a series.",print,input,,,,if,,for,,,,math,,,,,,,,,,,,,,,,,,,
Write a Python program to find common divisors between two numbers in a given pair.?,print,,,,,if,function,,,while,,math,,,,,,,,,,,,,,,,,,,
"Write a Python program to reverse the digits of a given number and add it to the original, If the sum is not a palindrome repeat this procedure.",print,,list,,,if,function,,string,while,,math,,,,,,,,,,,,,,,,,,,
Write a Python program to count the number of carry operations for each of a set of addition problems.,print,,,,,if,function,for,string,,,math,,,,,,,,,,,,,,,,,,,
Write a python program to find heights of the top three building in descending order from eight given buildings.,print,,list,,,,,for,,,,math,,,,,,,,,,,,,,,,,,,
Write a Python program to compute the digit number of sum of two given integers.,print,input,,,,,,,string,,,math,,,,,,,,,,,,,,,,,,,
"Write a Python program to check whether three given lengths (integers) of three sides form a right triangle. Print ""Yes"" if the given sides form a right triangle otherwise print ""No"".",print,,list,,,if,,,,,,math,,,,,,,,,,,,,,,,,,,
Write a Python program which solve the equation:,print,input,,,,if,,,,,,math,,,,,,,,,,,,,,,,,,,
"Write a Python program to compute the amount of the debt in n months. The borrowing amount is $100,000 and the loan adds 5% interest of the debt and rounds it to the nearest 1,000 above month by month.?",print,input,,,,if,function,,string,,,math,,,,,,,,,,,,,,,,,,,
"Write a Python program which reads an integer n and find the number of combinations of a,b,c and d (0 <= a,b,c,d <= 9) where (a + b + c + d) will be equal to n.",print,input,,,,,,for,,,,math,,,,,,,,,,,,,,,,,,,
Write a Python program to print the number of prime numbers which are less than or equal to a given integer,print,input,list,,,if,,for,,,,math,,,,,,,,,,,,,,,,,,,
"Write a program to compute the radius and the central coordinate (x, y) of a circle which is constructed by three given points on the plane surface.",print,input,,,,,,,,,,math,,,,,,,,,,,,,,,,,,,
"Write a Python program to check whether a point (x,y) is in a triangle or not. There is a triangle formed by three points.",print,input,,,,if,,,,,,math,,,,,,,,,,,,,,,,,,,
"Write a Python program to compute and print sum of two given integers (more than or equal to zero). If given integers or the sum have more than 80 digits, print ""overflow""",print,input,,,,if,,,,,,math,,,,,,,,,,,,,,,,,,,
Write a Python program that accepts six numbers as input and sorts them in descending order. ,print,input,list,,,,,,,,,math,,,,,,,,,,,,,,,,,,,
"Write a Python program to test whether two lines PQ and RS are parallel. The four points are P(x1, y1), Q(x2, y2), R(x3, y3), S(x4, y4).",print,input,,,,if,,,,,,math,,,,,,,,,,,,,,,,,,,
"Write a Python program to find the maximum sum of a contiguous subsequence from a given sequence of numbers a1, a2, a3, ... an. A subsequence of one element is also a continuous subsequence",print,input,list,,,if,,for,,while,,math,,,,,,,,,,,,,,,,,,,
"There are two circles C1 with radius r1, central coordinate (x1, y1) and C2 with radius r2 and central coordinate (x2, y2).",print,input,,,,if,,for,,,,math,,,,,,,,,,,,,,,,,,,
"Write a Python program to that reads a date (from 2016/1/1 to 2016/12/31) and prints the day of the date. Jan. 1, 2016, is Friday. Note that 2016 is a leap year.",print,input,list,,date,,,,,,,,,,,,,,,,,,,,,,,,,,
Write a Python program which reads a text (only alphabetical characters and spaces.) and prints two words. The first one is the word which is arise most frequently in the text. The second one is the word which has the maximum number of letters.?,print,input,list,,,if,,for,string,,,math,,,,,,,,,,,,,,,,,,,
Write a Python program that reads n digits (given) chosen from 0 to 9 and prints the number of combinations where the sum of the digits equals to another given number (s). Do not use the same digits in a combination.,print,input,list,,,if,,for,,while,,math,,,,,,,,,,,,,,,,,,,
Write a Python program which reads the two adjoined sides and the diagonal of a parallelogram and check whether the parallelogram is a rectangle or a rhombus.,print,input,,,,if,,,,,,math,,,,,,,,,,,,,,,,,,,
"Write a Python program to replace a string ""Python"" with ""Java"" and ""Java"" with ""Python"" in a given string.",print,input,list,,,if,,for,,,,math,,,,,,,,,,,,,,,,,,,
Write a Python program to find the difference between the largest integer and the smallest integer which are created by 8 numbers from 0 to 9. The number that can be rearranged shall start with 0 as in 00135668.,print,input,list,,,,,,,,,math,,,,,,,,,,,,,,,,,,,
Write a Python program to compute the sum of first n given prime numbers. ,print,input,list,,,if,,for,,while,,math,,,,,,,,,,,,,,,,,,,
"Write a Python program that accept an even number (>=4, Goldbach number) from the user and create a combinations that express the given number as a sum of two prime numbers. Print the number of combinations. ",print,input,list,,,if,,for,,,,math,,,,,,,,,,,,,,,,,,,
"There are four different points on a plane, P(xp,yp), Q(xq, yq), R(xr, yr) and S(xs, ys). Write a Python program to test AB and CD are orthogonal or not. ",print,input,,,,if,,,,while,,math,,,,,,,,,,,,,,,,,,,
Write a Python program to sum of all numerical values (positive integers) embedded in a sentence,print,input,,,,,function,,,,,math,,,,,,,,,,,,,,,,,,,
"Arrange integers (0 to 99) as narrow hilltop, as illustrated in Figure 1. Reading such data representing huge, when starting from the top and proceeding according to the next rule to the bottom. Write a Python program that compute the maximum value of the sum of the passing integers.",print,input,list,,,,,for,,,,math,,,,,,,,,,,,,,,,,,,
"Write a Python program to find the number of combinations that satisfy p + q + r + s = n where n is a given number <= 4000 and p, q, r, s in the range of 0 to 1000. ",print,input,list,,,,,for,,while,,math,,,,,,,,,,,,,,,,,,,
Write a Python program which adds up columns and rows of given table as shown in the specified figure.,print,input,list,,,if,,for,,while,,math,,,,,,,,,,,,,,,,,,,
"Given a list of numbers and a number k, write a Python program to check whether the sum of any two numbers from the list is equal to k or not.",print,,list,,,if,function,for,,,,math,,,,,,,,,,,,,,,,,,,
Write a Python program to count the number of prime numbers less than a given non-negative number.,print,,,,,if,function,for,,,,math,,,,,,,,,,,,,,,,,,,
Write a Python program to reverse only the vowels of a given string.?,print,,list,,,if,function,for,string,,,math,,,,,,,,,,,,,,,,,,,
Write a Python program to check whether a given integer is a palindrome or not.,print,,,,,,function,,string,,,math,,,,,,,,,,,,,,,,,,,
Write a Python program to remove the duplicate elements of a given array of numbers such that each element appear only once and return the new length of the given array,print,,,,,if,function,for,,,,,,,,,,,,,,,,,,,,,,,
Write a Python program to calculate the maximum profit from selling and buying values of stock. An array of numbers represent the stock prices in chronological order.,print,,list,,,,function,for,,,,,,,,,,,,,,,,,,,,,,,
Write a Python program to remove all instances of a given value from a given array of integers and find the length of the new array.,print,,list,,,if,function,,,while,,math,,,,,,,,,,,,,,,,,,,
"Write a Python program to find the starting and ending position of a given value in a given array of integers, sorted in ascending order. ",print,,list,,,if,function,for,,,,,,,,,,,,,,,,,,,,,,,
Write a Python program to print a given N by M matrix of numbers line by line in forward > backwards > forward >... order.,print,,list,,,if,function,for,,while,,math,,,,,,,,,,,,,,,,,,,
Write a Python program to compute the largest product of three integers from a given list of integers.,print,,list,,,,function,for,,,,,,,,,,,,,,,,,,,,,,,
Write a Python program to find the first missing positive integer that does not exist in a given list.,print,,list,,,if,function,for,,,,,,,,,,,,,,,,,,,,,,,
Write a Python program to randomly generate a list with 10 even numbers between 1 and 100 inclusive. ,print,,,,,if,,for,,,,math,,,,,,,,,,,,,,,,,,,
Write a Python program to calculate the median from a list of numbers.,print,,,,,if,function,,,,,math,,,,,,,,,,,,,,,,,,,
Write a Python program to test whether a given number is symmetrical or not.,print,,,,,,function,,string,,,,,,,,,,,,,,,,,,,,,,
Write a Python program that accepts a list of numbers. Count the negative numbers and compute the sum of the positive numbers of the said list. Return these values through a list,print,,list,,,if,function,for,,,,,,,,,,,,,,,,,,,,,,,
Write a Python program to count the number of equal numbers from three given integers.,print,,list,,,if,function,,,,,,,,,,,,,,,,,,,,,,,,
Write a Python program to check whether a given employee code is exactly 8 digits or 12 digits. Return True if the employee code is valid and False if it's not.,print,,list,,,,function,,,,,,,,,,,,,,,,,,,,,,,,
Write+A125+A88:H140+A88:I141+A125+A88:H140+A88:I142+A125+A88:H140+A88:W142+A88:U142+A88:T142+A88:N142+A88:J142+A88:L142+A88:M142+A88:N142+A88:M143,print,input,,,,if,,,string,,,,,,,,,,,,,,,,,,,,,,
Write a Python program to compute the sum of the three lowest positive numbers from a given list of numbers.,print,,,,,if,function,for,,while,,math,,,,,,,,,,,,,,,,,,,
"Write a Python program to replace all but the last five characters of a given string with ""*"" and returns the new string.",print,,,,,,function,,string,,,,,,,,,,,,,,,,,,,,,,
Write a Python program to count the number of arguments in a given function.,print,input,,,,,function,,,,,,,,,,,,,,,,,,,,,,,,
Write a Python program to compute cumulative sum of numbers of a given list.,print,input,list,,,,function,,,,,math,,,,,,,,,,,,,,,,,,,
"Write a Python program to find the middle character(s) of a given string. If the length of the string is even return the two middle characters. If the length of the string is odd, return the middle character.",print,,,,,if,function,,string,,,,,,,,,,,,,,,,,,,,,,
Write a Python program to find the largest product of the pair of adjacent elements from a given list of integers,print,,list,,,,function,,,,,math,,,,,,,,,,,,,,,,,,,
Write a Python program to check whether every even index contains an even number and every odd index contains odd number of a given list,print,,list,,,if,function,,,,,,,,,,,,,,,,,,,,,,,,
Write a Python program to check whether a given number is a narcissistic number or not. Go to the editor,print,input,,,,if,function,,,,,math,,,,,,,,,,,,,,,,,,,
Write a Python program to find the highest and lowest number from a given string of space separated integers,print,,list,,,,function,,string,,,,,,,,,,,,,,,,,,,,,,
Write a Python program to check whether a sequence of numbers has an increasing trend or not,print,input,list,,,if,function,,,,,,,,,,,,,,,,,,,,,,,,
Write a Python program to find the position of the second occurrence of a given string in another given string. If there is no such string return -1,print,input,,,,if,function,,string,,,,,,,,,,,,,,,,,,,,,,
Write a Python program to compute the sum of all items of a given array of integers where each integer is multiplied by its index. Return 0 if there is no number.,print,input,,,,,function,,,,,math,,,,,,,,,,,,,,,,,,,
Write a Python program to find the name of the oldest student from a given dictionary containing the names and ages of a group of students.,print,input,,,,,,,string,,,,,,,,,,,,,,,,,,,,,,
Write a Python program to create a new string with no duplicate consecutive letters from a given string.,print,input,,,,,function,,string,,,,,,,,,,,,,,,,,,,,,,
Write a Python program to check whether two given lines are parallel or not.,print,input,,,,if,function,,,,,math,,,,,,,,,,,,,,,,,,,
"Write a Python program to find a number in a given matrix, which is maximum in its column and minimum in its row.",print,,,,,if,function,,,,,math,,,,,,,,,,,,,,,,,,,
"Write a Python program to check whether a given sequence is linear, quadratic or cubic.",print,,,,,if,function,,,,,math,,,,,,,,,,,,,,,,,,,
Write a Python program to test whether a given integer is Pandigital number or not.?,print,,,,,if,function,,,,,,,,,,,,,,,,,,,,,,,,
Write a Python program to check whether a given number is Oddish or Evenish.,print,,,,,if,function,,,,,,,,,,,,,,,,,,,,,,,,
Write a Python program that takes three integers and check whether the sum of the last digit of first number and the last digit of second number equal to the last digit of third number.,print,input,,,,if,function,,,,,,,,,,,,,,,,,,,,,,,,
Write a Python program find the indices of all occurrences of a given item in a given list,print,input,list,,,,function,,,,,,,,,,,,,,,,,,,,,,,,
Write a Python program to remove the duplicate numbers from a given list of numbers.?,print,input,list,,,,function,,,,,,,,,,,,,,,,,,,,,,,,
"Write a Python program to check whether two given circles (given center (x,y) and radius) are intersecting. Return true for intersecting otherwise false.",print,input,,,,,function,,,,,math,,,,,,,,,,,,,,,,,,,
Write a Python program to compute the digit distance between two integers.,print,input,,,,,,,,,,math,,,,,,,,,,,,,,,,,,,
Write a Python program to reverse all the words which have even length.,print,input,,,,,,,string,,,,,,,,,,,,,,,,,,,,,,
Write a Python program to print letters from the English alphabet from a-z and A-Z.?,print,,,,,,,,string,,,,,,,,,,,,,,,,,,,,,,
Write a Python program to generate and prints a list of numbers from 1 to 10.,print,,list,,,,,,,,,,,,,,,,,,,,,,,,,,,,
Write a Python program to identify nonprime numbers between 1 to 100 (integers). Print the nonprime numbers.?,print,,,,,if,,for,,,,math,,,,,,,,,,,,,,,,,,,
"Write a Python program to make a request to a web page, and test the status code, also display the html code of the specified web page.",print,input,,,,if,,,string,,,,,,,,,,,,,,,,,,,,,,
"n multiprocessing, processes are spawned by creating a Process object. Write a Python program to show the individual process IDs (parent process, process id etc.) involved.",print,input,,,,if,function,,,,,,,,,,,,,,,,,,,,,,,,
Write a Python program to check if two given numbers are Co Prime or not. Return True if two numbers are Co Prime otherwise return false.,print,input,,,,,function,,,while,,math,,,,,,,,,,,,,,,,,,,
Write a Python program to calculate Euclid's totient function of a given integer. Use a primitive method to calculate Euclid's totient function.,print,input,,,,if,function,,,while,,math,,,,,,,,,,,,,,,,,,,
"Write a Python program to create a coded string from a given string, using specified formula",print,input,,,,,,,string,,,,,,,,,,,,,,,,,,,,,,
Write a Python program to check if a given string contains only lowercase or uppercase characters.,print,,,,,,,,string,,,,,,,,,,,,,,,,,,,,,,
Write a Python program to remove the first and last elements from a given string.?,print,,,,,if,,,string,,,,,,,,,,,,,,,,,,,,,,
Write a Python program to check if a given string contains two similar consecutive letters.,print,,,,,,,for,string,,,,,,,,,,,,,,,,,,,,,,
Write a Python program to reverse a given string in lower case.,print,,,,,,,,string,,,,,,,,,,,,,,,,,,,,,,
Write a Python program to convert the letters of a given string (same case-upper/lower) into alphabetical order.,print,,,,,,,for,string,,,,,,,,,,,,,,,,,,,,,,
Write a Python program to check whether the average value of the elements of a given array of numbers is a whole number or not.,print,,list,,,,function,for,,,,,,,,,,,,,,,,,,,,,,,
Write a Python program to remove all vowels from a given string.,print,,,,,,,,string,,,,,,,,,,,,,,,,,,,,,,
Write a Python program to get the index number of all lower case letters in a given string,print,,,,,,,,string,,,,,,,,,,,,,,,,,,,,,,
Write a Python program to check whether a given month and year contains a Monday 13th.?,print,,,,Date,,,,string,,,,,,,,,,,,,,,,,,,,,,
Write a Python program to count number of zeros and ones in the binary representation of a given integer.,print,,,,,,,,string,,,math,,,,,,,,,,,,,,,,,,,
Write a Python program to find all the factors of a given natural number.,print,,,,,,,for,,,,math,,,,,,,,,,,,,,,,,,,
Write a Python program to compute the sum of the negative and positive numbers of an array of integers and display the largest sum.,print,,list,,,,,for,,,,math,,,,,,,,,,,,,,,,,,,
Write a Python program to alternate the case of each letter in a given string and the first letter of the said string must be uppercase.,print,,,,,,,for,string,,,,,,,,,,,,,,,,,,,,,,
Write a Python program to get the Least Common Multiple (LCM) of more than two numbers. Take the numbers from a given list of positive integers.,print,,,,,,function,,,while,,math,,,,,,,,,,,,,,,,,,,
Write a Python program to reverse all the words which have odd length,print,,list,,,if,,for,string,,,,,,,,,,,,,,,,,,,,,,
Write a Python program to find the longest common ending between two given strings.,print,,,,,,,for,string,while,,,,,,,,,,,,,,,,,,,,,
Write a Python program to reverse the binary representation of an given integer and convert the reversed binary number into an integer.,print,,,,,,,,string,,,,,,,,,,,,,,,,,,,,,,
Write a Python program to find the closest palindrome number of a given integer. If there are two palindrome numbers in absolute distance return the smaller number.,print,,,,,if,,,string,while,,,,,,,,,,,,,,,,,,,,,
Write a Python program to convert all items in a given list to float values.,print,,list,,,,,for,,,,,,,,,,,,,,,,,,,,,,,
Write a Python program to get the domain name using PTR DNS records from a given IP address.,print,,list,,,,,,string,,,,,,,,,,,,,,,,,,,,,,
Write a Python program to check if every consecutive sequence of zeroes is followed by a consecutive sequence of ones of same length in a given string. Return True/False.,print,,,,,,function,for,string,while,,,,,,,,,,,,,,,,,,,,,
Write a Python program to print Emojis using unicode characters or CLDR (Common Locale Data Repository ) short names.,print,,,,,,,,,,,,,,,,,,,,,,,,,,,,,,
Write a Python program to convert integer to string.,print,,,,,,,,string,,,,,,,,,,,,,,,,,,,,,,
Write a Python program to find the largest and smallest digit of a given number.,print,,,,,,,,,while,,math,,,,,,,,,,,,,,,,,,,
A Python list contains two positive integers. Write a Python program to check whether the cube root of the first number is equal to the square root of the second number,print,input,,,,if,function,,,,,,,,,,,,,,,,,,,,,,,,
A Python list contains three positive integers. Write a Python program to check whether the sum of the digits in each number is equal or not. Return true otherwise false.?,print,,,,,if,function,,,,,math,,,,,,,,,,,,,,,,,,,
A Python list contains some positive integers. Write a Python program to count the numbers that are greater than the previous number on the list,print,,,,,if,function,for,,,,math,,,,,,,,,,,,,,,,,,,
Write a Python program that takes a positive integer and create an N x N square filled with the integer N. Display the N x N square,print,,,,,,,for,,,,,,,,,,,,,,,,,,,,,,,
Write a Python program that takes a positive integer and calculate the cube root of the number until the number is less than three. Count the number of steps to complete the said process,print,,,,,if,,,,while,,,,,,,,,,,,,,,,,,,,,
